datetime,date,open,high,low,close,volume,amount,symbol,interval,provider,adjust,market
2024-09-04 00:00:00,2024-09-04,2786.505,2800.607,2781.935,2784.278,25745350000,71682211607300.0,sh000001,1d,akshare,,CN
2024-09-05 00:00:00,2024-09-05,2785.264,2796.019,2777.471,2788.314,24204094800,67488616388167.195,sh000001,1d,akshare,,CN
2024-09-06 00:00:00,2024-09-06,2791.765,2804.093,2765.639,2765.807,25364537500,70153415369262.49,sh000001,1d,akshare,,CN
2024-09-09 00:00:00,2024-09-09,2754.724,2756.556,2726.967,2736.488,26146884700,71550636218933.6,sh000001,1d,akshare,,CN
2024-09-10 00:00:00,2024-09-10,2737.881,2750.118,2718.627,2744.192,26215901500,71941467169088.0,sh000001,1d,akshare,,CN
2024-09-11 00:00:00,2024-09-11,2732.731,2732.731,2710.621,2721.795,24226490000,65939539349550.0,sh000001,1d,akshare,,CN
2024-09-12 00:00:00,2024-09-12,2722.138,2734.683,2716.555,2717.123,24008431500,65233861422574.5,sh000001,1d,akshare,,CN
2024-09-13 00:00:00,2024-09-13,2718.986,2728.78,2703.369,2704.09,25127003800,67945679705542.0,sh000001,1d,akshare,,CN
2024-09-18 00:00:00,2024-09-18,2705.345,2724.114,2689.695,2717.281,24781713200,67338878425809.195,sh000001,1d,akshare,,CN
2024-09-19 00:00:00,2024-09-19,2723.205,2747.74,2697.776,2736.022,31520838900,86241708688855.8,sh000001,1d,akshare,,CN
2024-09-20 00:00:00,2024-09-20,2734.228,2741.155,2717.945,2736.814,28564462700,78175621419837.8,sh000001,1d,akshare,,CN
2024-09-23 00:00:00,2024-09-23,2735.39,2760.48,2731.357,2748.918,25764215400,70823715468937.2,sh000001,1d,akshare,,CN
2024-09-24 00:00:00,2024-09-24,2770.754,2863.152,2761.372,2863.126,47761954500,136748493739767.02,sh000001,1d,akshare,,CN
2024-09-25 00:00:00,2024-09-25,2901.419,2952.451,2889.048,2896.306,56825981600,164585431463969.6,sh000001,1d,akshare,,CN
2024-09-26 00:00:00,2024-09-26,2893.745,3000.953,2889.014,3000.953,57631926100,172950701525573.3,sh000001,1d,akshare,,CN
2024-09-27 00:00:00,2024-09-27,3049.103,3087.529,3017.445,3087.529,49228716300,151995089209022.7,sh000001,1d,akshare,,CN
2024-09-30 00:00:00,2024-09-30,3194.722,3358.588,3153.697,3336.497,110233791700,367794715305674.9,sh000001,1d,akshare,,CN
2024-10-08 00:00:00,2024-10-08,3674.405,3674.405,3372.187,3489.775,131346019500,458368055200612.5,sh000001,1d,akshare,,CN
2024-10-09 00:00:00,2024-10-09,3427.22,3437.157,3249.159,3258.858,99275725600,323525492577364.8,sh000001,1d,akshare,,CN
2024-10-10 00:00:00,2024-10-10,3277.692,3379.805,3228.125,3301.926,83450025700,275545809559498.2,sh000001,1d,akshare,,CN
2024-10-11 00:00:00,2024-10-11,3287.873,3297.752,3187.988,3217.738,60602743300,195003750020655.38,sh000001,1d,akshare,,CN
2024-10-14 00:00:00,2024-10-14,3241.428,3294.62,3203.901,3284.323,63146685900,207394112875145.7,sh000001,1d,akshare,,CN
2024-10-15 00:00:00,2024-10-15,3265.746,3285.215,3201.292,3201.292,56605455800,181210592808893.6,sh000001,1d,akshare,,CN
2024-10-16 00:00:00,2024-10-16,3169.169,3236.848,3167.736,3202.948,51581399700,165212541006315.6,sh000001,1d,akshare,,CN
2024-10-17 00:00:00,2024-10-17,3220.733,3241.568,3169.384,3169.384,52861177200,167537369238844.8,sh000001,1d,akshare,,CN
2024-10-18 00:00:00,2024-10-18,3165.975,3313.978,3152.821,3261.563,69301462300,226031085283574.9,sh000001,1d,akshare,,CN
2024-10-21 00:00:00,2024-10-21,3276.06,3300.664,3239.097,3268.11,66815029900,218358867366489.0,sh000001,1d,akshare,,CN
2024-10-22 00:00:00,2024-10-22,3263.822,3294.961,3255.138,3285.867,57491378100,188909022083312.72,sh000001,1d,akshare,,CN
2024-10-23 00:00:00,2024-10-23,3285.247,3331.082,3277.066,3302.803,65044412800,214828881729078.4,sh000001,1d,akshare,,CN
2024-10-24 00:00:00,2024-10-24,3287.824,3292.945,3266.882,3280.263,51982707400,170516951724046.2,sh000001,1d,akshare,,CN
2024-10-25 00:00:00,2024-10-25,3280.762,3319.357,3276.13,3299.7,59565170700,196547193758790.0,sh000001,1d,akshare,,CN
2024-10-28 00:00:00,2024-10-28,3300.463,3322.198,3279.715,3322.198,67237313100,223375667106193.78,sh000001,1d,akshare,,CN
2024-10-29 00:00:00,2024-10-29,3328.089,3340.458,3284.211,3286.407,72532615400,238371694978867.8,sh000001,1d,akshare,,CN
2024-10-30 00:00:00,2024-10-30,3273.642,3291.68,3244.806,3266.238,66901809000,218517230824542.0,sh000001,1d,akshare,,CN
2024-10-31 00:00:00,2024-10-31,3267.975,3295.742,3252.39,3279.824,78464909400,257351093007945.6,sh000001,1d,akshare,,CN
2024-11-01 00:00:00,2024-11-01,3275.577,3305.318,3258.735,3272.014,85205532000,278793693581448.0,sh000001,1d,akshare,,CN
2024-11-04 00:00:00,2024-11-04,3275.679,3310.207,3263.842,3310.207,66507745400,220154404377297.78,sh000001,1d,akshare,,CN
2024-11-05 00:00:00,2024-11-05,3306.81,3386.987,3302.047,3386.987,82112490200,278113936845027.4,sh000001,1d,akshare,,CN
2024-11-06 00:00:00,2024-11-06,3395.222,3420.999,3367.081,3383.806,89585593000,303140267106958.0,sh000001,1d,akshare,,CN
2024-11-07 00:00:00,2024-11-07,3359.985,3470.661,3356.258,3470.661,95955668000,333029594656548.0,sh000001,1d,akshare,,CN
2024-11-08 00:00:00,2024-11-08,3502.133,3509.818,3443.193,3452.297,96403456200,332813362628891.4,sh000001,1d,akshare,,CN
2024-11-11 00:00:00,2024-11-11,3432.367,3471.122,3416.727,3470.066,81802543600,283860225259877.56,sh000001,1d,akshare,,CN
2024-11-12 00:00:00,2024-11-12,3469.891,3489.424,3402.042,3421.97,81792652400,279892002733227.97,sh000001,1d,akshare,,CN
2024-11-13 00:00:00,2024-11-13,3406.916,3442.298,3404.525,3439.278,67366234800,231691209290474.38,sh000001,1d,akshare,,CN
2024-11-14 00:00:00,2024-11-14,3429.505,3441.775,3376.153,3379.839,63155669000,213455993157291.0,sh000001,1d,akshare,,CN
2024-11-15 00:00:00,2024-11-15,3369.809,3391.32,3330.726,3330.726,63028558300,209930857872325.8,sh000001,1d,akshare,,CN
2024-11-18 00:00:00,2024-11-18,3344.69,3386.903,3309.008,3323.849,74395069200,247277976365350.8,sh000001,1d,akshare,,CN
2024-11-19 00:00:00,2024-11-19,3324.883,3346.758,3284.133,3346.01,62502415100,209133705948751.0,sh000001,1d,akshare,,CN
2024-11-20 00:00:00,2024-11-20,3337.678,3375.248,3333.002,3367.989,56615428900,190680141765482.1,sh000001,1d,akshare,,CN
2024-11-21 00:00:00,2024-11-21,3362.944,3378.518,3348.855,3370.404,53033183000,178743252115932.0,sh000001,1d,akshare,,CN
2024-11-22 00:00:00,2024-11-22,3368.043,3372.003,3267.192,3267.192,63068779000,206057810198568.0,sh000001,1d,akshare,,CN
2024-11-25 00:00:00,2024-11-25,3274.884,3285.456,3232.918,3263.76,53889739000,175883174558640.0,sh000001,1d,akshare,,CN
2024-11-26 00:00:00,2024-11-26,3256.858,3285.328,3252.866,3259.757,47221930400,153932018174912.8,sh000001,1d,akshare,,CN
2024-11-27 00:00:00,2024-11-27,3250.591,3309.881,3227.355,3309.779,51120230300,169196664722103.7,sh000001,1d,akshare,,CN
2024-11-28 00:00:00,2024-11-28,3308.28,3319.256,3290.364,3295.698,51195304700,168724263309180.6,sh000001,1d,akshare,,CN
2024-11-29 00:00:00,2024-11-29,3295.21,3357.501,3293.69,3326.456,58022710200,193009992481051.22,sh000001,1d,akshare,,CN
2024-12-02 00:00:00,2024-12-02,3328.482,3369.303,3323.009,3363.982,66847776200,224874715876828.4,sh000001,1d,akshare,,CN
2024-12-03 00:00:00,2024-12-03,3366.285,3386.618,3348.374,3378.806,66303013900,224025021183403.4,sh000001,1d,akshare,,CN
2024-12-04 00:00:00,2024-12-04,3376.572,3388.024,3352.943,3364.65,62102886200,208954476052830.0,sh000001,1d,akshare,,CN
2024-12-05 00:00:00,2024-12-05,3353.057,3377.055,3353.057,3368.855,54388574600,183227221484083.0,sh000001,1d,akshare,,CN
2024-12-06 00:00:00,2024-12-06,3370.941,3418.261,3364.206,3404.076,69818657200,237668015326747.2,sh000001,1d,akshare,,CN
2024-12-09 00:00:00,2024-12-09,3402.629,3426.645,3385.959,3402.534,69490520500,236443858678947.0,sh000001,1d,akshare,,CN
2024-12-10 00:00:00,2024-12-10,3490.289,3494.867,3417.765,3422.661,79466803400,271987928791847.4,sh000001,1d,akshare,,CN
2024-12-11 00:00:00,2024-12-11,3416.087,3437.81,3416.087,3432.49,68154461000,233939505837890.0,sh000001,1d,akshare,,CN
2024-12-12 00:00:00,2024-12-12,3432.279,3464.116,3425.976,3461.5,70009668900,242338468897350.0,sh000001,1d,akshare,,CN
2024-12-13 00:00:00,2024-12-13,3442.926,3442.926,3390.754,3391.878,77746414400,263706352582243.22,sh000001,1d,akshare,,CN
2024-12-16 00:00:00,2024-12-16,3390.083,3401.926,3376.536,3386.331,62557899600,211841754710367.6,sh000001,1d,akshare,,CN
2024-12-17 00:00:00,2024-12-17,3381.814,3396.207,3357.769,3361.485,56894150500,191248833493492.5,sh000001,1d,akshare,,CN
2024-12-18 00:00:00,2024-12-18,3371.296,3396.46,3371.296,3382.208,51252497900,173346608417363.22,sh000001,1d,akshare,,CN
2024-12-19 00:00:00,2024-12-19,3355.904,3377.532,3346.469,3370.033,51390906300,173189050130907.9,sh000001,1d,akshare,,CN
2024-12-20 00:00:00,2024-12-20,3364.481,3390.618,3362.819,3368.069,49096462100,165360272008684.9,sh000001,1d,akshare,,CN
2024-12-23 00:00:00,2024-12-23,3367.904,3384.992,3348.277,3351.257,55674724800,186580311209073.6,sh000001,1d,akshare,,CN
2024-12-24 00:00:00,2024-12-24,3353.535,3394.904,3352.947,3393.528,47199267300,160172035162034.38,sh000001,1d,akshare,,CN
2024-12-25 00:00:00,2024-12-25,3395.107,3406.213,3374.011,3393.35,47131559200,159933876411320.0,sh000001,1d,akshare,,CN
2024-12-26 00:00:00,2024-12-26,3389.338,3401.095,3380.255,3398.077,42217727100,143459087450786.72,sh000001,1d,akshare,,CN
2024-12-27 00:00:00,2024-12-27,3397.294,3418.952,3388.322,3400.142,50048813000,170173071131446.0,sh000001,1d,akshare,,CN
2024-12-30 00:00:00,2024-12-30,3395.396,3412.841,3394.965,3407.326,45526238300,155122735441785.8,sh000001,1d,akshare,,CN
2024-12-31 00:00:00,2024-12-31,3406.965,3413.455,3351.763,3351.763,50273106200,168503537256230.6,sh000001,1d,akshare,,CN
2025-01-02 00:00:00,2025-01-02,3347.939,3351.722,3242.087,3262.561,56137519900,183152083062463.9,sh000001,1d,akshare,,CN
2025-01-03 00:00:00,2025-01-03,3267.077,3273.566,3205.776,3211.43,51759201400,166221052152002.0,sh000001,1d,akshare,,CN
2025-01-06 00:00:00,2025-01-06,3209.783,3219.488,3185.463,3206.923,43097840300,138211455308396.89,sh000001,1d,akshare,,CN
2025-01-07 00:00:00,2025-01-07,3203.307,3230.853,3190.461,3229.644,40966052900,132305766952167.6,sh000001,1d,akshare,,CN
2025-01-08 00:00:00,2025-01-08,3218.858,3246.291,3175.725,3230.168,47286439000,152743142091752.0,sh000001,1d,akshare,,CN
2025-01-09 00:00:00,2025-01-09,3220.721,3228.973,3205.91,3211.393,38294355700,122978225834490.1,sh000001,1d,akshare,,CN
2025-01-10 00:00:00,2025-01-10,3211.707,3220.107,3168.524,3168.524,40366334800,127901700605835.2,sh000001,1d,akshare,,CN
2025-01-13 00:00:00,2025-01-13,3148.826,3172.7,3140.978,3160.755,37274202300,117814621290736.5,sh000001,1d,akshare,,CN
2025-01-14 00:00:00,2025-01-14,3165.161,3245.22,3159.432,3240.94,46921270400,152069022090176.0,sh000001,1d,akshare,,CN
2025-01-15 00:00:00,2025-01-15,3234.715,3245.904,3222.236,3227.117,40472319900,130608911578728.31,sh000001,1d,akshare,,CN
2025-01-16 00:00:00,2025-01-16,3239.026,3265.282,3217.097,3236.032,43065553900,139361510518124.81,sh000001,1d,akshare,,CN
2025-01-17 00:00:00,2025-01-17,3226.762,3256.507,3219.773,3241.821,38359926000,124356013665246.0,sh000001,1d,akshare,,CN
2025-01-20 00:00:00,2025-01-20,3256.149,3268.263,3238.121,3244.378,40333794800,130858076505634.4,sh000001,1d,akshare,,CN
2025-01-21 00:00:00,2025-01-21,3256.833,3258.61,3229.069,3242.623,38458371800,124706000941231.4,sh000001,1d,akshare,,CN
2025-01-22 00:00:00,2025-01-22,3235.493,3235.501,3203.38,3213.624,36481751800,117238633146523.19,sh000001,1d,akshare,,CN
2025-01-23 00:00:00,2025-01-23,3237.599,3273.52,3229.572,3230.164,45824680300,148021232616569.22,sh000001,1d,akshare,,CN
2025-01-24 00:00:00,2025-01-24,3222.877,3260.011,3221.712,3252.626,39865303300,129666922011465.81,sh000001,1d,akshare,,CN
2025-01-27 00:00:00,2025-01-27,3256.614,3274.392,3250.601,3250.601,38746764200,125950270455284.2,sh000001,1d,akshare,,CN
2025-02-05 00:00:00,2025-02-05,3270.16,3271.022,3220.279,3229.488,40638818100,131242575388132.8,sh000001,1d,akshare,,CN
2025-02-06 00:00:00,2025-02-06,3226.575,3271.427,3225.846,3270.659,46084273000,150725942245907.0,sh000001,1d,akshare,,CN
2025-02-07 00:00:00,2025-02-07,3269.227,3324.428,3262.509,3303.667,60055845100,198404513613981.7,sh000001,1d,akshare,,CN
2025-02-10 00:00:00,2025-02-10,3308.04,3325.356,3299.243,3322.17,54658974900,181586406643533.0,sh000001,1d,akshare,,CN
2025-02-11 00:00:00,2025-02-11,3323.669,3324.173,3304.444,3318.057,51194354100,169865784981983.7,sh000001,1d,akshare,,CN
2025-02-12 00:00:00,2025-02-12,3312.257,3346.385,3310.39,3346.385,51343782800,171816064605178.0,sh000001,1d,akshare,,CN
2025-02-13 00:00:00,2025-02-13,3343.235,3359.181,3332.483,3332.483,56863116100,189495367730276.3,sh000001,1d,akshare,,CN
2025-02-14 00:00:00,2025-02-14,3328.483,3349.084,3322.529,3346.724,53233296500,178157150995666.0,sh000001,1d,akshare,,CN
2025-02-17 00:00:00,2025-02-17,3355.417,3357.121,3333.195,3355.83,58954656900,197841806264727.0,sh000001,1d,akshare,,CN
2025-02-18 00:00:00,2025-02-18,3348.983,3366.012,3314.301,3324.491,56267924000,187062206926684.0,sh000001,1d,akshare,,CN
2025-02-19 00:00:00,2025-02-19,3320.78,3352.087,3320.581,3351.539,50291296500,168553241580313.5,sh000001,1d,akshare,,CN
2025-02-20 00:00:00,2025-02-20,3347.589,3355.557,3338.034,3350.783,50435711400,168999124352026.2,sh000001,1d,akshare,,CN
2025-02-21 00:00:00,2025-02-21,3356.695,3381.058,3339.026,3379.113,60819020600,205514343156727.78,sh000001,1d,akshare,,CN
2025-02-24 00:00:00,2025-02-24,3374.081,3384.811,3355.869,3373.028,59818820300,201770555798868.38,sh000001,1d,akshare,,CN
2025-02-25 00:00:00,2025-02-25,3345.653,3369.558,3337.845,3346.04,52757856200,176529897159448.0,sh000001,1d,akshare,,CN
2025-02-26 00:00:00,2025-02-26,3351.209,3380.214,3351.209,3380.214,55399203100,187261161907463.4,sh000001,1d,akshare,,CN
2025-02-27 00:00:00,2025-02-27,3378.449,3388.781,3353.571,3388.062,57581502000,195089698829124.0,sh000001,1d,akshare,,CN
2025-02-28 00:00:00,2025-02-28,3374.664,3383.191,3318.716,3320.897,56831950400,188733053587508.78,sh000001,1d,akshare,,CN
2025-03-03 00:00:00,2025-03-03,3328.396,3349.017,3304.593,3316.925,50241786200,166648236691435.0,sh000001,1d,akshare,,CN
2025-03-04 00:00:00,2025-03-04,3300.498,3327.824,3297.53,3324.21,42999611100,142939737214731.0,sh000001,1d,akshare,,CN
2025-03-05 00:00:00,2025-03-05,3324.696,3342.714,3314.148,3341.965,46095269600,154048777668764.0,sh000001,1d,akshare,,CN
2025-03-06 00:00:00,2025-03-06,3353.57,3387.054,3348.684,3381.098,53999270900,182576826841448.2,sh000001,1d,akshare,,CN
2025-03-07 00:00:00,2025-03-07,3373.181,3390.944,3363.929,3372.546,51766355100,174584413827084.6,sh000001,1d,akshare,,CN
2025-03-10 00:00:00,2025-03-10,3373.259,3375.798,3347.186,3366.163,45038083200,151605529258761.6,sh000001,1d,akshare,,CN
2025-03-11 00:00:00,2025-03-11,3335.439,3379.829,3334.831,3379.828,44846832300,151574579518844.4,sh000001,1d,akshare,,CN
2025-03-12 00:00:00,2025-03-12,3385.685,3392.409,3370.22,3371.924,50219510000,169336371037240.0,sh000001,1d,akshare,,CN
2025-03-13 00:00:00,2025-03-13,3371.095,3377.118,3341.118,3358.729,51901347900,174322562330819.1,sh000001,1d,akshare,,CN
2025-03-14 00:00:00,2025-03-14,3361.686,3421.233,3360.606,3419.562,58266338800,199245358039605.6,sh000001,1d,akshare,,CN
2025-03-17 00:00:00,2025-03-17,3430.809,3436.352,3422.462,3426.129,51568513800,176680380617080.2,sh000001,1d,akshare,,CN
2025-03-18 00:00:00,2025-03-18,3434.565,3437.065,3423.301,3429.759,45491606300,156025246131881.7,sh000001,1d,akshare,,CN
2025-03-19 00:00:00,2025-03-19,3424.173,3439.046,3414.593,3426.429,44031629900,150871253606627.1,sh000001,1d,akshare,,CN
2025-03-20 00:00:00,2025-03-20,3425.216,3427.045,3404.662,3408.948,45163068200,153958551014253.6,sh000001,1d,akshare,,CN
2025-03-21 00:00:00,2025-03-21,3401.759,3414.709,3355.84,3364.831,52086263000,175261472416553.0,sh000001,1d,akshare,,CN
2025-03-24 00:00:00,2025-03-24,3364.834,3373.694,3340.238,3370.028,51331026000,172986994888728.0,sh000001,1d,akshare,,CN
2025-03-25 00:00:00,2025-03-25,3370.001,3379.988,3361.046,3369.976,45635739300,153791346183256.8,sh000001,1d,akshare,,CN
2025-03-26 00:00:00,2025-03-26,3365.666,3382.342,3365.666,3368.697,42853377000,144360042539769.0,sh000001,1d,akshare,,CN
2025-03-27 00:00:00,2025-03-27,3362.712,3394.035,3351.174,3373.749,41477631400,139935117458118.6,sh000001,1d,akshare,,CN
2025-03-28 00:00:00,2025-03-28,3372.039,3375.053,3346.081,3351.307,41228428900,138169122371572.3,sh000001,1d,akshare,,CN
2025-03-31 00:00:00,2025-03-31,3343.344,3361.742,3317.738,3335.746,47257197800,157638008532558.8,sh000001,1d,akshare,,CN
2025-04-01 00:00:00,2025-04-01,3340.712,3357.622,3338.779,3348.435,42258867000,141501069323145.0,sh000001,1d,akshare,,CN
2025-04-02 00:00:00,2025-04-02,3344.171,3361.134,3343.116,3350.127,35012736400,117297113557522.8,sh000001,1d,akshare,,CN
2025-04-03 00:00:00,2025-04-03,3319.606,3358.426,3319.606,3342.008,40051782700,133853378197661.6,sh000001,1d,akshare,,CN
2025-04-07 00:00:00,2025-04-07,3193.102,3217.782,3040.693,3096.576,66219958400,205055133902438.4,sh000001,1d,akshare,,CN
2025-04-08 00:00:00,2025-04-08,3094.262,3145.549,3085.123,3145.549,66224238700,208311587818546.3,sh000001,1d,akshare,,CN
2025-04-09 00:00:00,2025-04-09,3110.01,3186.81,3070.078,3186.81,68479717400,218231848207494.0,sh000001,1d,akshare,,CN
2025-04-10 00:00:00,2025-04-10,3227.836,3239.941,3201.571,3223.638,59120827300,190584145475717.4,sh000001,1d,akshare,,CN
2025-04-11 00:00:00,2025-04-11,3219.505,3249.854,3211.35,3238.227,47553180400,153987992707150.78,sh000001,1d,akshare,,CN
2025-04-14 00:00:00,2025-04-14,3251.978,3272.72,3244.733,3262.808,47137322000,153800031320176.0,sh000001,1d,akshare,,CN
2025-04-15 00:00:00,2025-04-15,3260.685,3268.985,3246.337,3267.662,39666289500,129616026880149.0,sh000001,1d,akshare,,CN
2025-04-16 00:00:00,2025-04-16,3267.665,3276.005,3233.791,3276.004,42953485400,140715789984341.6,sh000001,1d,akshare,,CN
2025-04-17 00:00:00,2025-04-17,3261.718,3285.915,3258.145,3280.341,38201269800,125313191577001.8,sh000001,1d,akshare,,CN
2025-04-18 00:00:00,2025-04-18,3270.353,3283.09,3262.392,3276.73,35883619300,117580931868889.0,sh000001,1d,akshare,,CN
2025-04-21 00:00:00,2025-04-21,3273.138,3298.64,3270.013,3291.434,37930758800,124846589160119.2,sh000001,1d,akshare,,CN
2025-04-22 00:00:00,2025-04-22,3289.166,3311.153,3288.332,3299.757,40316761500,133035515976955.5,sh000001,1d,akshare,,CN
2025-04-23 00:00:00,2025-04-23,3308.151,3312.192,3293.063,3296.355,41163321200,135688919654226.0,sh000001,1d,akshare,,CN
2025-04-24 00:00:00,2025-04-24,3295.149,3313.509,3286.236,3297.288,39284474900,129532227674071.2,sh000001,1d,akshare,,CN
2025-04-25 00:00:00,2025-04-25,3300.392,3305.262,3288.755,3295.06,41104319200,135441198023152.0,sh000001,1d,akshare,,CN
2025-04-28 00:00:00,2025-04-28,3292.056,3296.932,3279.877,3288.415,41066586300,135043978387714.5,sh000001,1d,akshare,,CN
2025-04-29 00:00:00,2025-04-29,3281.445,3294.982,3277.627,3286.655,38896167200,127838282408716.0,sh000001,1d,akshare,,CN
2025-04-30 00:00:00,2025-04-30,3284.081,3292.2,3277.55,3279.031,43579433500,142898313408938.5,sh000001,1d,akshare,,CN
2025-05-06 00:00:00,2025-05-06,3295.25,3316.448,3286.989,3316.114,47436961700,157306372810833.8,sh000001,1d,akshare,,CN
2025-05-07 00:00:00,2025-05-07,3354.974,3356.688,3324.809,3342.665,51115960600,170863532438999.0,sh000001,1d,akshare,,CN
2025-05-08 00:00:00,2025-05-08,3331.205,3359.731,3327.902,3351.996,42837776600,143592055812093.6,sh000001,1d,akshare,,CN
2025-05-09 00:00:00,2025-05-09,3350.405,3351.22,3335.127,3341.999,39890919100,133315411741280.89,sh000001,1d,akshare,,CN
2025-05-12 00:00:00,2025-05-12,3352.97,3372.472,3344.269,3369.245,41823991000,140915272556795.0,sh000001,1d,akshare,,CN
2025-05-13 00:00:00,2025-05-13,3386.234,3386.234,3370.252,3374.871,42624070000,143850737744970.0,sh000001,1d,akshare,,CN
2025-05-14 00:00:00,2025-05-14,3374.235,3417.314,3368.078,3403.948,46493444100,158261266057306.78,sh000001,1d,akshare,,CN
2025-05-15 00:00:00,2025-05-15,3398.427,3402.866,3378.021,3380.821,42410091600,143380928293203.6,sh000001,1d,akshare,,CN
2025-05-16 00:00:00,2025-05-16,3374.706,3380.29,3356.661,3367.462,39540103000,133149794328586.0,sh000001,1d,akshare,,CN
2025-05-19 00:00:00,2025-05-19,3365.882,3373.599,3356.648,3367.583,40307480500,135738786104631.5,sh000001,1d,akshare,,CN
2025-05-20 00:00:00,2025-05-20,3371.689,3387.804,3369.963,3380.478,40554453400,137093437520725.2,sh000001,1d,akshare,,CN
2025-05-21 00:00:00,2025-05-21,3380.209,3394.754,3380.209,3387.574,41249616500,139736128365371.0,sh000001,1d,akshare,,CN
2025-05-22 00:00:00,2025-05-22,3381.865,3390.593,3376.233,3380.189,39421720600,133252866333193.39,sh000001,1d,akshare,,CN
2025-05-23 00:00:00,2025-05-23,3376.869,3389.469,3348.372,3348.372,40022700400,134010889383748.8,sh000001,1d,akshare,,CN
2025-05-26 00:00:00,2025-05-26,3346.561,3362.307,3336.355,3346.839,34756210100,116323439454873.89,sh000001,1d,akshare,,CN
2025-05-27 00:00:00,2025-05-27,3346.503,3351.572,3332.49,3340.687,34407115700,114943404126485.89,sh000001,1d,akshare,,CN
2025-05-28 00:00:00,2025-05-28,3341.852,3348.234,3336.727,3339.932,34155544300,114077195384987.6,sh000001,1d,akshare,,CN
2025-05-29 00:00:00,2025-05-29,3340.401,3368.633,3337.415,3363.446,39323380600,132262067185547.6,sh000001,1d,akshare,,CN
2025-05-30 00:00:00,2025-05-30,3358.809,3361.275,3341.648,3347.487,38560217000,129079825124679.0,sh000001,1d,akshare,,CN
2025-06-03 00:00:00,2025-06-03,3340.067,3366.997,3340.067,3361.976,39806077200,133827076200547.2,sh000001,1d,akshare,,CN
2025-06-04 00:00:00,2025-06-04,3363.391,3379.64,3363.391,3376.203,38649464300,130488437318052.9,sh000001,1d,akshare,,CN
2025-06-05 00:00:00,2025-06-05,3378.217,3387.765,3371.146,3384.099,40625209300,137479730166920.7,sh000001,1d,akshare,,CN
2025-06-06 00:00:00,2025-06-06,3384.295,3391.451,3379.764,3385.358,38012288600,128685205310318.81,sh000001,1d,akshare,,CN
2025-06-09 00:00:00,2025-06-09,3388.778,3402.05,3383.074,3399.772,42734794700,145288558446808.4,sh000001,1d,akshare,,CN
2025-06-10 00:00:00,2025-06-10,3402.013,3406.452,3365.667,3384.816,48161856800,163019023486348.78,sh000001,1d,akshare,,CN
2025-06-11 00:00:00,2025-06-11,3385.457,3413.513,3385.457,3402.316,42409031300,144288925736490.78,sh000001,1d,akshare,,CN
2025-06-12 00:00:00,2025-06-12,3397.972,3408.205,3388.866,3402.658,40949061000,139335650004138.0,sh000001,1d,akshare,,CN
2025-06-13 00:00:00,2025-06-13,3397.484,3401.553,3370.592,3376.996,51006522100,172248821105611.6,sh000001,1d,akshare,,CN
2025-06-16 00:00:00,2025-06-16,3369.366,3389.756,3368.876,3388.729,40538327800,137373407027366.19,sh000001,1d,akshare,,CN
2025-06-17 00:00:00,2025-06-17,3388.18,3393.313,3376.42,3387.405,39001244700,132113011303003.5,sh000001,1d,akshare,,CN
2025-06-18 00:00:00,2025-06-18,3386.136,3391.709,3369.986,3388.809,37868489100,128329076678481.9,sh000001,1d,akshare,,CN
2025-06-19 00:00:00,2025-06-19,3384.293,3386.919,3353.936,3362.108,41532765500,139637643149674.0,sh000001,1d,akshare,,CN
2025-06-20 00:00:00,2025-06-20,3358.913,3370.798,3357.706,3359.895,35022366200,117671473083549.0,sh000001,1d,akshare,,CN
2025-06-23 00:00:00,2025-06-23,3349.46,3389.452,3347.651,3381.582,38456139700,130042589799005.39,sh000001,1d,akshare,,CN
2025-06-24 00:00:00,2025-06-24,3380.08,3423.784,3380.08,3420.566,46096380000,157675710151080.0,sh000001,1d,akshare,,CN
2025-06-25 00:00:00,2025-06-25,3419.091,3459.009,3417.411,3455.974,50938406400,176041808119833.6,sh000001,1d,akshare,,CN
2025-06-26 00:00:00,2025-06-26,3451.719,3462.752,3446.186,3448.453,49654107700,171229856660388.1,sh000001,1d,akshare,,CN
2025-06-27 00:00:00,2025-06-27,3450.686,3462.627,3421.04,3424.227,52312943200,179131392554906.4,sh000001,1d,akshare,,CN
2025-06-30 00:00:00,2025-06-30,3423.474,3447.46,3420.112,3444.426,45734804900,157530151102487.4,sh000001,1d,akshare,,CN
2025-07-01 00:00:00,2025-07-01,3445.846,3459.587,3441.038,3457.747,44435673900,153647318120703.28,sh000001,1d,akshare,,CN
2025-07-02 00:00:00,2025-07-02,3458.171,3461.328,3447.956,3454.792,49811677600,172088985279059.2,sh000001,1d,akshare,,CN
2025-07-03 00:00:00,2025-07-03,3456.152,3463.62,3446.974,3461.151,43854346500,151786515242821.5,sh000001,1d,akshare,,CN
2025-07-04 00:00:00,2025-07-04,3459.592,3497.225,3455.494,3472.319,50019521000,173683733139199.0,sh000001,1d,akshare,,CN
2025-07-07 00:00:00,2025-07-07,3467.985,3474.801,3462.792,3473.127,43663134000,151647609600018.0,sh000001,1d,akshare,,CN
2025-07-08 00:00:00,2025-07-08,3474.632,3499.886,3474.632,3497.475,49348477300,172595065644817.5,sh000001,1d,akshare,,CN
2025-07-09 00:00:00,2025-07-09,3498.724,3512.669,3491.201,3493.05,52392008800,183007906338840.0,sh000001,1d,akshare,,CN
2025-07-10 00:00:00,2025-07-10,3491.497,3526.59,3491.497,3509.682,56415980500,198002151273201.0,sh000001,1d,akshare,,CN
2025-07-11 00:00:00,2025-07-11,3511.366,3555.218,3506.799,3510.177,66418524900,233140778477907.3,sh000001,1d,akshare,,CN
2025-07-14 00:00:00,2025-07-14,3513.252,3532.118,3513.252,3519.65,57208470500,201353793195325.0,sh000001,1d,akshare,,CN
2025-07-15 00:00:00,2025-07-15,3519.805,3527.038,3483.38,3504.999,57207472600,200512134255527.38,sh000001,1d,akshare,,CN
2025-07-16 00:00:00,2025-07-16,3502.899,3511.806,3489.137,3503.777,47087857800,164985353138910.6,sh000001,1d,akshare,,CN
2025-07-17 00:00:00,2025-07-17,3500.372,3517.285,3499.186,3516.826,47221105600,166068411922825.6,sh000001,1d,akshare,,CN
2025-07-18 00:00:00,2025-07-18,3519.475,3536.014,3518.231,3534.483,49348408800,174421111980650.4,sh000001,1d,akshare,,CN
2025-07-21 00:00:00,2025-07-21,3542.816,3560.629,3542.568,3559.791,63364973600,225566062736517.62,sh000001,1d,akshare,,CN
2025-07-22 00:00:00,2025-07-22,3561.632,3584.719,3547.252,3581.861,71615523000,256516848828303.0,sh000001,1d,akshare,,CN
2025-07-23 00:00:00,2025-07-23,3588.878,3613.022,3577.594,3582.298,76767238800,275003126018762.38,sh000001,1d,akshare,,CN
2025-07-24 00:00:00,2025-07-24,3578.912,3608.728,3577.113,3605.727,77326583500,278818549943704.5,sh000001,1d,akshare,,CN
2025-07-25 00:00:00,2025-07-25,3604.451,3610.029,3586.22,3593.655,69718954900,250545870871159.5,sh000001,1d,akshare,,CN
2025-07-28 00:00:00,2025-07-28,3594.231,3606.274,3582.149,3597.937,59418787700,213785054760974.9,sh000001,1d,akshare,,CN
2025-07-29 00:00:00,2025-07-29,3595.81,3611.353,3585.944,3609.711,61064205800,220424135382523.78,sh000001,1d,akshare,,CN
2025-07-30 00:00:00,2025-07-30,3608.354,3636.166,3593.734,3615.717,63722191600,230401411445377.22,sh000001,1d,akshare,,CN
2025-07-31 00:00:00,2025-07-31,3604.696,3606.374,3562.607,3573.208,65450934900,233869804192159.22,sh000001,1d,akshare,,CN
2025-08-01 00:00:00,2025-08-01,3568.261,3581.746,3550.043,3559.952,50956308000,181402010577216.0,sh000001,1d,akshare,,CN
2025-08-04 00:00:00,2025-08-04,3547.163,3583.309,3547.163,3583.309,45857361800,164321097254196.22,sh000001,1d,akshare,,CN
2025-08-05 00:00:00,2025-08-05,3588.808,3617.598,3586.969,3617.598,49979778000,180806744933244.0,sh000001,1d,akshare,,CN
2025-08-06 00:00:00,2025-08-06,3615.808,3634.314,3613.989,3633.995,51246727300,186230350774563.5,sh000001,1d,akshare,,CN
2025-08-07 00:00:00,2025-08-07,3637.781,3645.117,3622.522,3639.667,53550120200,194904605337973.4,sh000001,1d,akshare,,CN
2025-08-08 00:00:00,2025-08-08,3634.855,3645.367,3625.451,3635.128,52640757200,191355890438921.6,sh000001,1d,akshare,,CN
2025-08-11 00:00:00,2025-08-11,3637.053,3656.852,3629.627,3647.547,55139334800,201123315231735.6,sh000001,1d,akshare,,CN
2025-08-12 00:00:00,2025-08-12,3647.963,3669.038,3647.963,3665.918,53662373900,196721862402740.22,sh000001,1d,akshare,,CN
2025-08-13 00:00:00,2025-08-13,3668.658,3688.628,3666.547,3683.465,61352888400,225991217070306.0,sh000001,1d,akshare,,CN
2025-08-14 00:00:00,2025-08-14,3685.522,3704.772,3662.57,3666.443,64782958700,237523025444904.12,sh000001,1d,akshare,,CN
2025-08-15 00:00:00,2025-08-15,3659.815,3702.255,3658.376,3696.771,67852170300,250833935452101.3,sh000001,1d,akshare,,CN
2025-08-18 00:00:00,2025-08-18,3712.495,3745.939,3702.38,3728.027,77601666900,289301109448206.3,sh000001,1d,akshare,,CN
2025-08-19 00:00:00,2025-08-19,3728.485,3746.669,3718.147,3727.288,69609975000,259456424497800.0,sh000001,1d,akshare,,CN
2025-08-20 00:00:00,2025-08-20,3716.685,3767.43,3704.991,3766.21,67983642600,256040674596546.0,sh000001,1d,akshare,,CN
2025-08-21 00:00:00,2025-08-21,3770.676,3787.981,3757.992,3771.099,69155295900,260791467213194.12,sh000001,1d,akshare,,CN
2025-08-22 00:00:00,2025-08-22,3772.277,3825.759,3772.277,3825.759,69813627700,267090114495924.3,sh000001,1d,akshare,,CN
2025-08-25 00:00:00,2025-08-25,3848.163,3883.562,3839.972,3883.562,88547480200,343879629300472.4,sh000001,1d,akshare,,CN
2025-08-26 00:00:00,2025-08-26,3871.471,3888.599,3859.758,3868.382,73456530500,284157920368651.0,sh000001,1d,akshare,,CN
2025-08-27 00:00:00,2025-08-27,3869.612,3887.198,3800.35,3800.35,85863349900,326310781792465.0,sh000001,1d,akshare,,CN
2025-08-28 00:00:00,2025-08-28,3796.711,3845.087,3761.422,3843.597,78835194700,303010717843335.94,sh000001,1d,akshare,,CN
2025-08-29 00:00:00,2025-08-29,3842.823,3867.606,3839.206,3857.927,73946236600,285279182727528.2,sh000001,1d,akshare,,CN
2025-09-01 00:00:00,2025-09-01,3869.746,3879.045,3853.658,3875.53,74770953600,289777073805408.0,sh000001,1d,akshare,,CN
2025-09-02 00:00:00,2025-09-02,3877.086,3885.315,3828.678,3858.133,76261883300,294228488601878.9,sh000001,1d,akshare,,CN
2025-09-03 00:00:00,2025-09-03,3865.286,3868.388,3794.884,3813.557,64566851000,246229366599007.0,sh000001,1d,akshare,,CN
2025-09-04 00:00:00,2025-09-04,3807.757,3808.396,3732.84,3765.876,71022793300,267463032741430.8,sh000001,1d,akshare,,CN
2025-09-05 00:00:00,2025-09-05,3761.88,3817.159,3745.309,3812.514,62622338000,238748540337732.0,sh000001,1d,akshare,,CN
2025-09-08 00:00:00,2025-09-08,3811.669,3833.143,3803.603,3826.841,66006689800,252597106800921.78,sh000001,1d,akshare,,CN
2025-09-09 00:00:00,2025-09-09,3816.657,3834.671,3791.724,3807.292,60023938000,228528658955896.0,sh000001,1d,akshare,,CN
2025-09-10 00:00:00,2025-09-10,3806.584,3826.996,3794.057,3812.221,53453982500,203778394620132.5,sh000001,1d,akshare,,CN
2025-09-11 00:00:00,2025-09-11,3806.056,3875.309,3796.435,3875.309,61701293000,239111576074537.0,sh000001,1d,akshare,,CN
2025-09-12 00:00:00,2025-09-12,3875.507,3892.738,3866.539,3870.598,70064178400,271190268786683.2,sh000001,1d,akshare,,CN
2025-09-15 00:00:00,2025-09-15,3876.097,3879.737,3855.973,3860.504,64479394400,248922959998777.6,sh000001,1d,akshare,,CN
2025-09-16 00:00:00,2025-09-16,3865.98,3876.69,3838.648,3861.865,67343972300,260073329586339.5,sh000001,1d,akshare,,CN
2025-09-17 00:00:00,2025-09-17,3854.073,3882.669,3848.946,3876.341,66343471300,257169917882513.28,sh000001,1d,akshare,,CN
2025-09-18 00:00:00,2025-09-18,3876.059,3899.959,3800.995,3831.656,87602738900,335663560122618.4,sh000001,1d,akshare,,CN
2025-09-19 00:00:00,2025-09-19,3830.444,3843.17,3811.903,3820.089,68229261300,260641850570255.7,sh000001,1d,akshare,,CN
2025-09-22 00:00:00,2025-09-22,3822.01,3831.74,3806.202,3828.576,56832568600,217587808160313.6,sh000001,1d,akshare,,CN
2025-09-23 00:00:00,2025-09-23,3830.138,3838.606,3774.528,3821.833,70190286800,268255554371704.4,sh000001,1d,akshare,,CN
2025-09-24 00:00:00,2025-09-24,3804.483,3854.923,3804.328,3853.642,60205667000,232011086989214.0,sh000001,1d,akshare,,CN
2025-09-25 00:00:00,2025-09-25,3852.431,3866.106,3840.459,3853.302,58995053100,227325756100336.22,sh000001,1d,akshare,,CN
2025-09-26 00:00:00,2025-09-26,3839.855,3856.606,3828.106,3828.106,55127533500,211034041756551.0,sh000001,1d,akshare,,CN
2025-09-29 00:00:00,2025-09-29,3828.166,3881.002,3809.535,3862.532,60846639900,235022093706226.8,sh000001,1d,akshare,,CN
2025-09-30 00:00:00,2025-09-30,3869.705,3887.57,3866.281,3882.777,56973463100,221215252135028.7,sh000001,1d,akshare,,CN
2025-10-09 00:00:00,2025-10-09,3898.307,3936.576,3885.744,3933.972,72521850100,285298927681597.2,sh000001,1d,akshare,,CN
2025-10-10 00:00:00,2025-10-10,3915.475,3933.005,3886.305,3897.028,71891767300,280164230137584.38,sh000001,1d,akshare,,CN
2025-10-13 00:00:00,2025-10-13,3800.106,3895.83,3800.106,3889.502,70950610100,275962539885170.2,sh000001,1d,akshare,,CN
2025-10-14 00:00:00,2025-10-14,3910.783,3918.436,3851.121,3865.229,80083963100,309542856609049.9,sh000001,1d,akshare,,CN
2025-10-15 00:00:00,2025-10-15,3867.536,3912.291,3857.667,3912.21,64501295500,252342613268055.0,sh000001,1d,akshare,,CN
2025-10-16 00:00:00,2025-10-16,3900.683,3931.05,3899.167,3916.228,59545149100,233192380169594.8,sh000001,1d,akshare,,CN
2025-10-17 00:00:00,2025-10-17,3912.04,3921.065,3835.365,3839.755,61756301800,237129068618059.0,sh000001,1d,akshare,,CN
2025-10-20 00:00:00,2025-10-20,3865.552,3877.722,3850.367,3863.893,54926171200,212228848416481.6,sh000001,1d,akshare,,CN
2025-10-21 00:00:00,2025-10-21,3870.749,3919.318,3868.145,3916.332,59941571300,234751093812471.6,sh000001,1d,akshare,,CN
2025-10-22 00:00:00,2025-10-22,3896.074,3918.592,3893.325,3913.758,54311734400,212562985001875.2,sh000001,1d,akshare,,CN
2025-10-23 00:00:00,2025-10-23,3904.159,3926.217,3877.529,3922.41,56518926400,221690402100624.0,sh000001,1d,akshare,,CN
2025-10-24 00:00:00,2025-10-24,3929.115,3950.312,3928.96,3950.312,56785844300,224321802168421.6,sh000001,1d,akshare,,CN
2025-10-27 00:00:00,2025-10-27,3969.22,3999.067,3963.102,3996.945,63758954500,254841034394002.5,sh000001,1d,akshare,,CN
2025-10-28 00:00:00,2025-10-28,3986.891,4010.728,3976.833,3988.224,57735768400,230263177191321.6,sh000001,1d,akshare,,CN
2025-10-29 00:00:00,2025-10-29,3990.266,4016.331,3986.941,4016.331,61291746600,246167941913724.6,sh000001,1d,akshare,,CN
2025-10-30 00:00:00,2025-10-30,4007.821,4025.705,3984.828,3986.901,66848560900,266518594300770.88,sh000001,1d,akshare,,CN
2025-10-31 00:00:00,2025-10-31,3985.064,3986.743,3951.731,3954.79,67561540600,267191705149474.0,sh000001,1d,akshare,,CN
2025-11-03 00:00:00,2025-11-03,3954.078,3977.305,3937.022,3976.521,64124594500,254992796645734.5,sh000001,1d,akshare,,CN
2025-11-04 00:00:00,2025-11-04,3973.458,3985.882,3938.52,3960.186,61549379200,243746989816531.22,sh000001,1d,akshare,,CN
2025-11-05 00:00:00,2025-11-05,3922.584,3979.754,3922.584,3969.248,61499161800,244105424976326.4,sh000001,1d,akshare,,CN
2025-11-06 00:00:00,2025-11-06,3973.349,4008.799,3973.349,4007.76,62736754700,251433856016472.0,sh000001,1d,akshare,,CN
2025-11-07 00:00:00,2025-11-07,3994.317,4012.005,3993.691,3997.556,59650703400,238457027280890.4,sh000001,1d,akshare,,CN
2025-11-10 00:00:00,2025-11-10,4001.794,4018.696,3990.836,4018.597,63404999300,254799139971982.12,sh000001,1d,akshare,,CN
2025-11-11 00:00:00,2025-11-11,4023.877,4024.939,3991.516,4002.758,58199492100,232958482599211.78,sh000001,1d,akshare,,CN
2025-11-12 00:00:00,2025-11-12,3996.565,4020.378,3980.676,4000.14,58619322800,234485497905192.0,sh000001,1d,akshare,,CN
2025-11-13 00:00:00,2025-11-13,3996.514,4030.398,3994.771,4029.501,61303106100,247020927333056.12,sh000001,1d,akshare,,CN
2025-11-14 00:00:00,2025-11-14,4007.126,4034.079,3990.307,3990.492,62201711800,248215433324205.62,sh000001,1d,akshare,,CN
2025-11-17 00:00:00,2025-11-17,3988.556,3992.404,3958.948,3972.035,59201795000,235151601802825.0,sh000001,1d,akshare,,CN
2025-11-18 00:00:00,2025-11-18,3962.444,3966.885,3926.589,3939.813,59441104600,234186836637439.8,sh000001,1d,akshare,,CN
2025-11-19 00:00:00,2025-11-19,3937.92,3960.052,3930.075,3946.742,53114960100,209631043854994.22,sh000001,1d,akshare,,CN
2025-11-20 00:00:00,2025-11-20,3960.699,3967.971,3927.512,3931.051,53474954000,210212771396654.0,sh000001,1d,akshare,,CN
2025-11-21 00:00:00,2025-11-21,3896.665,3912.006,3834.749,3834.891,63164625100,242229452314364.1,sh000001,1d,akshare,,CN
2025-11-24 00:00:00,2025-11-24,3848.657,3854.331,3816.576,3836.766,50460171600,193603870749045.6,sh000001,1d,akshare,,CN
2025-11-25 00:00:00,2025-11-25,3850.571,3882.03,3845.138,3870.023,47872761100,185268686530505.3,sh000001,1d,akshare,,CN
2025-11-26 00:00:00,2025-11-26,3867.429,3879.923,3861.177,3864.184,45758975500,176821100983492.0,sh000001,1d,akshare,,CN
2025-11-27 00:00:00,2025-11-27,3867.197,3895.589,3864.131,3875.259,44402194700,172070004630927.3,sh000001,1d,akshare,,CN
2025-11-28 00:00:00,2025-11-28,3870.944,3888.889,3856.25,3888.596,44993197300,174960367047990.8,sh000001,1d,akshare,,CN
2025-12-01 00:00:00,2025-12-01,3894.213,3914.464,3890.949,3914.006,53755413300,210399010188679.78,sh000001,1d,akshare,,CN
2025-12-02 00:00:00,2025-12-02,3908.456,3908.769,3888.328,3897.712,45558449400,177573714927772.8,sh000001,1d,akshare,,CN
2025-12-03 00:00:00,2025-12-03,3894.156,3901.696,3869.953,3878.0,48561727000,188322377306000.0,sh000001,1d,akshare,,CN
2025-12-04 00:00:00,2025-12-04,3879.742,3888.86,3859.049,3875.793,44504029000,172488404069997.0,sh000001,1d,akshare,,CN
2025-12-05 00:00:00,2025-12-05,3873.121,3907.782,3863.314,3902.808,50036876800,195284323070054.4,sh000001,1d,akshare,,CN
2025-12-08 00:00:00,2025-12-08,3909.226,3936.311,3904.738,3924.078,54734978900,214784326531954.2,sh000001,1d,akshare,,CN
2025-12-09 00:00:00,2025-12-09,3916.509,3923.899,3902.128,3909.522,52453825600,205069385167363.2,sh000001,1d,akshare,,CN
2025-12-10 00:00:00,2025-12-10,3901.128,3906.116,3876.475,3900.496,49733150400,193983954202598.4,sh000001,1d,akshare,,CN
2025-12-11 00:00:00,2025-12-11,3903.895,3904.963,3862.821,3873.318,52565860000,203604291723480.0,sh000001,1d,akshare,,CN
2025-12-12 00:00:00,2025-12-12,3869.413,3891.807,3850.597,3889.346,57394713000,223227897427698.0,sh000001,1d,akshare,,CN
2025-12-15 00:00:00,2025-12-15,3865.402,3896.977,3863.63,3867.921,50092279000,193752977881959.0,sh000001,1d,akshare,,CN
2025-12-16 00:00:00,2025-12-16,3861.515,3862.427,3815.844,3824.812,51249482700,196019636424752.4,sh000001,1d,akshare,,CN
2025-12-17 00:00:00,2025-12-17,3822.509,3881.752,3817.996,3870.278,51231369200,198279641124637.6,sh000001,1d,akshare,,CN
2025-12-18 00:00:00,2025-12-18,3857.257,3888.285,3856.423,3876.371,46117262500,178767618954387.5,sh000001,1d,akshare,,CN
2025-12-19 00:00:00,2025-12-19,3878.227,3902.671,3871.777,3890.448,51351189300,199779131709806.4,sh000001,1d,akshare,,CN
2025-12-22 00:00:00,2025-12-22,3900.535,3920.012,3900.515,3917.364,52293899200,204854238145708.8,sh000001,1d,akshare,,CN
2025-12-23 00:00:00,2025-12-23,3919.106,3937.127,3910.745,3919.979,52115695200,204292430754400.78,sh000001,1d,akshare,,CN
2025-12-24 00:00:00,2025-12-24,3920.347,3947.041,3912.311,3940.947,47489644700,187154172811530.9,sh000001,1d,akshare,,CN
2025-12-25 00:00:00,2025-12-25,3937.72,3964.073,3936.078,3959.621,46931309300,185830197861775.3,sh000001,1d,akshare,,CN
2025-12-26 00:00:00,2025-12-26,3957.833,3977.706,3945.524,3963.679,55548959200,220178243052896.8,sh000001,1d,akshare,,CN
2025-12-29 00:00:00,2025-12-29,3964.651,3983.979,3956.946,3965.28,56368719700,223517756852016.0,sh000001,1d,akshare,,CN
2025-12-30 00:00:00,2025-12-30,3947.871,3979.99,3947.419,3965.116,52593258800,208538371960020.8,sh000001,1d,akshare,,CN
2025-12-31 00:00:00,2025-12-31,3968.726,3977.536,3955.487,3968.84,49075149000,194771414357160.0,sh000001,1d,akshare,,CN
2026-01-05 00:00:00,2026-01-05,3986.972,4025.263,3983.576,4023.417,59695045500,240178060880473.5,sh000001,1d,akshare,,CN
2026-01-06 00:00:00,2026-01-06,4026.016,4083.667,4025.088,4083.667,70247227000,286866282741409.0,sh000001,1d,akshare,,CN
2026-01-07 00:00:00,2026-01-07,4083.843,4098.777,4069.436,4085.772,68338435200,279215265063974.4,sh000001,1d,akshare,,CN
2026-01-08 00:00:00,2026-01-08,4077.715,4093.872,4067.122,4082.979,66613133700,271980026021292.28,sh000001,1d,akshare,,CN
2026-01-09 00:00:00,2026-01-09,4086.762,4121.723,4083.616,4120.426,72983798500,300724340918161.0,sh000001,1d,akshare,,CN
2026-01-12 00:00:00,2026-01-12,4134.893,4168.357,4119.879,4165.287,83945608900,349657553458254.3,sh000001,1d,akshare,,CN
2026-01-13 00:00:00,2026-01-13,4169.704,4179.702,4126.234,4138.759,86838271700,359402678542820.3,sh000001,1d,akshare,,CN
2026-01-14 00:00:00,2026-01-14,4138.645,4190.866,4103.621,4126.093,95255128900,393031520568387.7,sh000001,1d,akshare,,CN
2026-01-15 00:00:00,2026-01-15,4106.224,4133.073,4096.85,4112.601,68025079100,279760008331739.06,sh000001,1d,akshare,,CN
2026-01-16 00:00:00,2026-01-16,4127.063,4140.225,4091.811,4101.913,76358846500,313217345123354.44,sh000001,1d,akshare,,CN
2026-01-19 00:00:00,2026-01-19,4090.719,4126.518,4090.057,4114.0,68890587000,283415874918000.0,sh000001,1d,akshare,,CN
2026-01-20 00:00:00,2026-01-20,4116.366,4128.93,4080.294,4113.649,73436249600,302090954730790.44,sh000001,1d,akshare,,CN
2026-01-21 00:00:00,2026-01-21,4103.529,4135.959,4103.529,4116.94,66698950700,274595578094857.97,sh000001,1d,akshare,,CN
2026-01-22 00:00:00,2026-01-22,4126.072,4140.838,4109.923,4122.576,70969540900,292577326045358.4,sh000001,1d,akshare,,CN
2026-01-23 00:00:00,2026-01-23,4130.108,4143.75,4120.204,4136.164,78211545400,323495778467845.56,sh000001,1d,akshare,,CN
2026-01-26 00:00:00,2026-01-26,4144.778,4160.985,4124.7,4132.605,88743973100,366743786952925.44,sh000001,1d,akshare,,CN
2026-01-27 00:00:00,2026-01-27,4125.216,4158.802,4101.83,4139.904,75499086900,312558971853657.6,sh000001,1d,akshare,,CN
2026-01-28 00:00:00,2026-01-28,4150.215,4170.147,4138.019,4151.238,82302674800,341657991131402.44,sh000001,1d,akshare,,CN
2026-01-29 00:00:00,2026-01-29,4155.919,4170.214,4138.299,4157.985,90590837100,376675341799243.5,sh000001,1d,akshare,,CN
2026-01-30 00:00:00,2026-01-30,4131.993,4152.85,4064.777,4117.948,80434274600,331224160220520.8,sh000001,1d,akshare,,CN
2026-02-02 00:00:00,2026-02-02,4079.708,4103.407,4013.656,4015.746,73295369800,294335588092870.8,sh000001,1d,akshare,,CN
2026-02-03 00:00:00,2026-02-03,4043.906,4069.418,4002.782,4067.738,63768424900,259393245165876.2,sh000001,1d,akshare,,CN
2026-02-04 00:00:00,2026-02-04,4064.677,4104.621,4062.683,4102.202,67425424400,276592710824528.8,sh000001,1d,akshare,,CN
2026-02-05 00:00:00,2026-02-05,4075.025,4088.904,4048.939,4075.917,59672223600,243219030599041.2,sh000001,1d,akshare,,CN
2026-02-06 00:00:00,2026-02-06,4040.299,4095.03,4029.973,4065.583,55670980100,226334990287898.3,sh000001,1d,akshare,,CN
2026-02-09 00:00:00,2026-02-09,4103.54,4123.159,4093.056,4123.09,57263258200,236101567251838.0,sh000001,1d,akshare,,CN
2026-02-10 00:00:00,2026-02-10,4127.766,4134.338,4117.564,4128.373,52462096900,216583104365343.7,sh000001,1d,akshare,,CN
2026-02-11 00:00:00,2026-02-11,4124.428,4142.561,4122.428,4131.985,50068527800,206882405841682.97,sh000001,1d,akshare,,CN
2026-02-12 00:00:00,2026-02-12,4136.99,4140.593,4124.131,4134.018,52937011600,218842558820608.8,sh000001,1d,akshare,,CN
2026-02-13 00:00:00,2026-02-13,4115.924,4123.844,4079.77,4082.073,50079947200,204430000306545.6,sh000001,1d,akshare,,CN
2026-02-24 00:00:00,2026-02-24,4129.134,4131.55,4105.937,4117.409,56632224900,233178032493284.1,sh000001,1d,akshare,,CN
2026-02-25 00:00:00,2026-02-25,4123.781,4167.844,4122.699,4147.231,72478721400,300586000230443.4,sh000001,1d,akshare,,CN
2026-02-26 00:00:00,2026-02-26,4151.068,4152.193,4127.153,4146.631,65170282600,270237114107920.62,sh000001,1d,akshare,,CN
2026-02-27 00:00:00,2026-02-27,4128.897,4166.234,4128.36,4162.882,68204764600,283928386867577.2,sh000001,1d,akshare,,CN
2026-03-02 00:00:00,2026-03-02,4151.801,4188.77,4131.368,4182.591,86157921800,360363348299383.8,sh000001,1d,akshare,,CN
2026-03-03 00:00:00,2026-03-03,4189.408,4197.228,4116.011,4122.676,92113917000,379755834881892.06,sh000001,1d,akshare,,CN
2026-03-04 00:00:00,2026-03-04,4087.632,4106.04,4055.413,4082.474,76516953100,312378471589969.44,sh000001,1d,akshare,,CN
2026-03-05 00:00:00,2026-03-05,4109.777,4125.617,4090.621,4108.567,68974653500,283386985206534.5,sh000001,1d,akshare,,CN
2026-03-06 00:00:00,2026-03-06,4085.895,4129.465,4085.895,4124.194,64676576000,266738746679744.03,sh000001,1d,akshare,,CN
2026-03-09 00:00:00,2026-03-09,4098.699,4106.534,4052.545,4096.602,79780355600,326828364311671.2,sh000001,1d,akshare,,CN
2026-03-10 00:00:00,2026-03-10,4098.587,4123.958,4098.587,4123.138,67492219400,278279734512477.2,sh000001,1d,akshare,,CN
2026-03-11 00:00:00,2026-03-11,4123.666,4135.839,4112.8,4133.433,70772716900,292534283534117.7,sh000001,1d,akshare,,CN
2026-03-12 00:00:00,2026-03-12,4133.2,4141.649,4103.164,4129.103,78615118200,324609920404974.6,sh000001,1d,akshare,,CN
2026-03-13 00:00:00,2026-03-13,4117.574,4134.079,4086.847,4095.449,79205476400,324381989116903.6,sh000001,1d,akshare,,CN
